{
  "v7_stacking_original": 0.7842,
  "nested_cv_r2": 0.7008182700738843,
  "nested_cv_rmse": 2.229764153612787,
  "nested_cv_mae": 1.7122650137027287,
  "nested_avg_fold_r2": 0.5694632607249306,
  "nested_std_fold_r2": 0.24339920196697656,
  "nested_fold_r2": [
    0.7357002907611597,
    0.11323695768093789,
    0.6593752075292776,
    0.7966613541451334,
    0.542342493508144
  ],
  "overfit_gap": 0.0833817299261157,
  "v7_weighted_r2": 0.7281
}