{
  "n_samples": 100000,
  "n_features": 11,
  "avg_correlation_diff": 0.006744515640550463,
  "features": [
    "months_in_hk",
    "cultural_maintenance",
    "cultural_contact",
    "social_maintenance",
    "social_contact",
    "social_connection",
    "family_support",
    "comm_frequency_feeling",
    "comm_openness",
    "personal_autonomy",
    "openness",
    "cross_cultural_adaptation"
  ],
  "marginals": {
    "months_in_hk": {
      "distribution": "lognorm",
      "min": 2.0,
      "max": 348.0,
      "mean": 50.077669902912625,
      "std": 66.29599547431106
    },
    "cultural_maintenance": {
      "distribution": "norm",
      "min": 1.0,
      "max": 7.0,
      "mean": 5.155339805825243,
      "std": 1.4125462896678225
    },
    "cultural_contact": {
      "distribution": "beta",
      "min": 1.0,
      "max": 7.0,
      "mean": 4.456310679611651,
      "std": 1.3421957016532393
    },
    "social_maintenance": {
      "distribution": "gamma",
      "min": 1.0,
      "max": 7.0,
      "mean": 4.747572815533981,
      "std": 1.5246737457914283
    },
    "social_contact": {
      "distribution": "norm",
      "min": 1.0,
      "max": 7.0,
      "mean": 4.223300970873787,
      "std": 1.636548812658104
    },
    "social_connection": {
      "distribution": "beta",
      "min": 5.0,
      "max": 30.0,
      "mean": 20.45631067961165,
      "std": 5.6375590308047565
    },
    "family_support": {
      "distribution": "norm",
      "min": 8.0,
      "max": 40.0,
      "mean": 31.45631067961165,
      "std": 5.975316052134453
    },
    "comm_frequency_feeling": {
      "distribution": "lognorm",
      "min": 1.0,
      "max": 5.0,
      "mean": 3.2233009708737863,
      "std": 0.9340592987033547
    },
    "comm_openness": {
      "distribution": "gamma",
      "min": 1.0,
      "max": 5.0,
      "mean": 3.262135922330097,
      "std": 0.749901806498156
    },
    "personal_autonomy": {
      "distribution": "norm",
      "min": 1.0,
      "max": 5.0,
      "mean": 3.9902912621359223,
      "std": 0.7206408371284839
    },
    "openness": {
      "distribution": "norm",
      "min": 1.0,
      "max": 7.0,
      "mean": 5.203883495145631,
      "std": 1.193503639660529
    },
    "cross_cultural_adaptation": {
      "distribution": "gamma",
      "min": 8.0,
      "max": 32.0,
      "mean": 23.699029126213592,
      "std": 4.0765370594672525
    }
  }
}