量表,条目数,Cronbach's α,样本量,评价
跨文化适应程度,8,1.0358878540607874,249,优秀
家庭支持,8,1.040483926083108,249,优秀
社会联结感,5,1.026888536593967,249,优秀
自主性,2,0.8610743290233944,249,良好
